{
  "cfg_combine": {
    "average_seconds": 0.00010754943996667862,
    "count": 25,
    "total_seconds": 0.0026887359991669656
  },
  "cond_forward": {
    "average_seconds": 5.02606027483259,
    "count": 35,
    "total_seconds": 175.91210961914064
  },
  "prepare": {
    "average_seconds": 6.28534033203125,
    "count": 1,
    "total_seconds": 6.28534033203125
  },
  "scheduler": {
    "average_seconds": 0.002927413020815168,
    "count": 35,
    "total_seconds": 0.10245945572853088
  },
  "uncond_forward": {
    "average_seconds": 5.32998166015625,
    "count": 25,
    "total_seconds": 133.24954150390624
  }
}