{
  "cfg_combine": {
    "average_seconds": 7.596800103783608e-05,
    "count": 2,
    "total_seconds": 0.00015193600207567216
  },
  "cond_forward": {
    "average_seconds": 5.657438232421875,
    "count": 2,
    "total_seconds": 11.31487646484375
  },
  "prepare": {
    "average_seconds": 5.98118701171875,
    "count": 1,
    "total_seconds": 5.98118701171875
  },
  "scheduler": {
    "average_seconds": 0.0007454079985618591,
    "count": 2,
    "total_seconds": 0.0014908159971237182
  },
  "uncond_forward": {
    "average_seconds": 5.321020751953125,
    "count": 2,
    "total_seconds": 10.64204150390625
  }
}