{
  "cfg_combine": {
    "average_seconds": 8.210431963205337e-05,
    "count": 25,
    "total_seconds": 0.0020526079908013343
  },
  "cond_forward": {
    "average_seconds": 5.533597349330357,
    "count": 35,
    "total_seconds": 193.6759072265625
  },
  "prepare": {
    "average_seconds": 6.25589697265625,
    "count": 1,
    "total_seconds": 6.25589697265625
  },
  "scheduler": {
    "average_seconds": 0.0023987647908074515,
    "count": 35,
    "total_seconds": 0.0839567676782608
  },
  "uncond_forward": {
    "average_seconds": 5.3271911718750005,
    "count": 25,
    "total_seconds": 133.179779296875
  }
}