{
  "cfg_combine": {
    "average_seconds": 9.185188625540053e-05,
    "count": 35,
    "total_seconds": 0.0032148160189390184
  },
  "cond_forward": {
    "average_seconds": 6.6236201171875,
    "count": 35,
    "total_seconds": 231.8267041015625
  },
  "prepare": {
    "average_seconds": 5.966783203125,
    "count": 1,
    "total_seconds": 5.966783203125
  },
  "scheduler": {
    "average_seconds": 0.0013850157737731934,
    "count": 35,
    "total_seconds": 0.048475552082061765
  },
  "uncond_forward": {
    "average_seconds": 6.304026297433036,
    "count": 35,
    "total_seconds": 220.64092041015624
  }
}