{
  "cfg_combine": {
    "average_seconds": 8.240128010511399e-05,
    "count": 25,
    "total_seconds": 0.0020600320026278496
  },
  "cond_forward": {
    "average_seconds": 6.624985142299107,
    "count": 35,
    "total_seconds": 231.87447998046875
  },
  "prepare": {
    "average_seconds": 5.966939453125,
    "count": 1,
    "total_seconds": 5.966939453125
  },
  "scheduler": {
    "average_seconds": 0.0012713609065328325,
    "count": 35,
    "total_seconds": 0.04449763172864914
  },
  "uncond_forward": {
    "average_seconds": 6.3050136328125,
    "count": 25,
    "total_seconds": 157.6253408203125
  }
}