{
  "cfg_combine": {
    "average_seconds": 8.773760029247829e-05,
    "count": 35,
    "total_seconds": 0.00307081601023674
  },
  "cond_forward": {
    "average_seconds": 6.626221303013393,
    "count": 35,
    "total_seconds": 231.91774560546875
  },
  "prepare": {
    "average_seconds": 5.9633828125,
    "count": 1,
    "total_seconds": 5.9633828125
  },
  "scheduler": {
    "average_seconds": 0.0013406847970826286,
    "count": 35,
    "total_seconds": 0.046923967897892
  },
  "uncond_forward": {
    "average_seconds": 6.3064707728794644,
    "count": 35,
    "total_seconds": 220.72647705078126
  }
}