{
  "cfg_combine": {
    "average_seconds": 8.328342783663954e-05,
    "count": 28,
    "total_seconds": 0.002331935979425907
  },
  "cond_forward": {
    "average_seconds": 6.624782366071429,
    "count": 28,
    "total_seconds": 185.49390625
  },
  "prepare": {
    "average_seconds": 5.97299658203125,
    "count": 1,
    "total_seconds": 5.97299658203125
  },
  "scheduler": {
    "average_seconds": 0.001242399996944836,
    "count": 28,
    "total_seconds": 0.03478719991445541
  },
  "uncond_forward": {
    "average_seconds": 6.304928867885045,
    "count": 28,
    "total_seconds": 176.53800830078126
  }
}