{
  "cfg_combine": {
    "average_seconds": 0.00012623999640345572,
    "count": 2,
    "total_seconds": 0.00025247999280691145
  },
  "cond_forward": {
    "average_seconds": 8.982216430664062,
    "count": 2,
    "total_seconds": 17.964432861328124
  },
  "prepare": {
    "average_seconds": 6.28949169921875,
    "count": 1,
    "total_seconds": 6.28949169921875
  },
  "scheduler": {
    "average_seconds": 0.00982046401500702,
    "count": 2,
    "total_seconds": 0.01964092803001404
  },
  "uncond_forward": {
    "average_seconds": 5.372767822265625,
    "count": 2,
    "total_seconds": 10.74553564453125
  }
}