{
  "cfg_combine": {
    "average_seconds": 8.571611366101673e-05,
    "count": 35,
    "total_seconds": 0.003000063978135586
  },
  "cond_forward": {
    "average_seconds": 6.464862779017857,
    "count": 35,
    "total_seconds": 226.270197265625
  },
  "prepare": {
    "average_seconds": 6.29937646484375,
    "count": 1,
    "total_seconds": 6.29937646484375
  },
  "scheduler": {
    "average_seconds": 0.0024894116401672365,
    "count": 35,
    "total_seconds": 0.08712940740585327
  },
  "uncond_forward": {
    "average_seconds": 6.3154951729910715,
    "count": 35,
    "total_seconds": 221.0423310546875
  }
}