{
  "cfg_combine": {
    "average_seconds": 8.125824064016342e-05,
    "count": 25,
    "total_seconds": 0.0020314560160040857
  },
  "cond_forward": {
    "average_seconds": 5.222758935546875,
    "count": 35,
    "total_seconds": 182.79656274414063
  },
  "prepare": {
    "average_seconds": 5.9534228515625,
    "count": 1,
    "total_seconds": 5.9534228515625
  },
  "scheduler": {
    "average_seconds": 0.0012629942893981933,
    "count": 35,
    "total_seconds": 0.044204800128936766
  },
  "uncond_forward": {
    "average_seconds": 5.321841093750001,
    "count": 25,
    "total_seconds": 133.04602734375
  }
}