{
  "cfg_combine": {
    "average_seconds": 7.778175950050354e-05,
    "count": 25,
    "total_seconds": 0.0019445439875125886
  },
  "cond_forward": {
    "average_seconds": 5.640514522879465,
    "count": 35,
    "total_seconds": 197.41800830078125
  },
  "prepare": {
    "average_seconds": 5.9435654296875,
    "count": 1,
    "total_seconds": 5.9435654296875
  },
  "scheduler": {
    "average_seconds": 0.0012424786227090018,
    "count": 35,
    "total_seconds": 0.043486751794815065
  },
  "uncond_forward": {
    "average_seconds": 5.3206592578125,
    "count": 25,
    "total_seconds": 133.0164814453125
  }
}