{
  "cfg_combine": {
    "average_seconds": 9.031999856233597e-05,
    "count": 2,
    "total_seconds": 0.00018063999712467194
  },
  "cond_forward": {
    "average_seconds": 5.685159423828125,
    "count": 2,
    "total_seconds": 11.37031884765625
  },
  "prepare": {
    "average_seconds": 5.98750390625,
    "count": 1,
    "total_seconds": 5.98750390625
  },
  "scheduler": {
    "average_seconds": 0.0007778400182723999,
    "count": 2,
    "total_seconds": 0.0015556800365447998
  },
  "uncond_forward": {
    "average_seconds": 5.3623701171875,
    "count": 2,
    "total_seconds": 10.724740234375
  }
}