{
  "cfg_combine": {
    "average_seconds": 0.00015651199966669084,
    "count": 2,
    "total_seconds": 0.00031302399933338167
  },
  "cond_forward": {
    "average_seconds": 7.193309814453125,
    "count": 2,
    "total_seconds": 14.38661962890625
  },
  "prepare": {
    "average_seconds": 6.44938671875,
    "count": 1,
    "total_seconds": 6.44938671875
  },
  "scheduler": {
    "average_seconds": 0.010458720266819,
    "count": 2,
    "total_seconds": 0.020917440533638
  },
  "uncond_forward": {
    "average_seconds": 6.747785400390625,
    "count": 2,
    "total_seconds": 13.49557080078125
  }
}