{
  "cfg_combine": {
    "average_seconds": 8.463487952947618e-05,
    "count": 25,
    "total_seconds": 0.0021158719882369043
  },
  "cond_forward": {
    "average_seconds": 5.211602818080357,
    "count": 35,
    "total_seconds": 182.4060986328125
  },
  "prepare": {
    "average_seconds": 6.25156689453125,
    "count": 1,
    "total_seconds": 6.25156689453125
  },
  "scheduler": {
    "average_seconds": 0.002501603640828814,
    "count": 35,
    "total_seconds": 0.08755612742900848
  },
  "uncond_forward": {
    "average_seconds": 5.3354190625,
    "count": 25,
    "total_seconds": 133.3854765625
  }
}