{
  "cfg_combine": {
    "average_seconds": 8.624768048524857e-05,
    "count": 25,
    "total_seconds": 0.0021561920121312144
  },
  "cond_forward": {
    "average_seconds": 5.183234319196428,
    "count": 35,
    "total_seconds": 181.413201171875
  },
  "prepare": {
    "average_seconds": 6.2885673828125,
    "count": 1,
    "total_seconds": 6.2885673828125
  },
  "scheduler": {
    "average_seconds": 0.0026089280332837785,
    "count": 35,
    "total_seconds": 0.09131248116493225
  },
  "uncond_forward": {
    "average_seconds": 5.3322052343749995,
    "count": 25,
    "total_seconds": 133.305130859375
  }
}