{
  "all": {
    "OmniInference.generate_batch": [
      54.65487885475159
    ],
    "OmniMoTModel.cfg_combine": [
      0.00021190399676561356
    ],
    "OmniMoTModel.cond_forward": [
      13.25781591796875
    ],
    "OmniMoTModel.decode": [
      18.070204734802246
    ],
    "OmniMoTModel.encode": [
      1.4581761360168457
    ],
    "OmniMoTModel.generate_samples_from_batch": [
      31.846572160720825
    ],
    "OmniMoTModel.postprocess": [
      0.22069168090820312
    ],
    "OmniMoTModel.prepare": [
      5.96594384765625
    ],
    "OmniMoTModel.scheduler": [
      0.001670911967754364
    ],
    "OmniMoTModel.transfer": [
      1.7900662422180176
    ],
    "OmniMoTModel.uncond_forward": [
      12.6159931640625
    ],
    "[warmup] OmniInference.generate_batch": [
      56.73992085456848
    ],
    "[warmup] OmniMoTModel.cfg_combine": [
      0.0002290240079164505
    ],
    "[warmup] OmniMoTModel.cond_forward": [
      19.51395556640625
    ],
    "[warmup] OmniMoTModel.decode": [
      18.174439191818237
    ],
    "[warmup] OmniMoTModel.generate_samples_from_batch": [
      38.56497383117676
    ],
    "[warmup] OmniMoTModel.prepare": [
      6.3059033203125
    ],
    "[warmup] OmniMoTModel.scheduler": [
      0.016675199925899505
    ],
    "[warmup] OmniMoTModel.uncond_forward": [
      12.71871875
    ]
  },
  "average": {
    "OmniInference.generate_batch": 54.65487885475159,
    "OmniMoTModel.cfg_combine": 0.00021190399676561356,
    "OmniMoTModel.cond_forward": 13.25781591796875,
    "OmniMoTModel.decode": 18.070204734802246,
    "OmniMoTModel.encode": 1.4581761360168457,
    "OmniMoTModel.generate_samples_from_batch": 31.846572160720825,
    "OmniMoTModel.postprocess": 0.22069168090820312,
    "OmniMoTModel.prepare": 5.96594384765625,
    "OmniMoTModel.scheduler": 0.001670911967754364,
    "OmniMoTModel.transfer": 1.7900662422180176,
    "OmniMoTModel.uncond_forward": 12.6159931640625,
    "[warmup] OmniInference.generate_batch": 56.73992085456848,
    "[warmup] OmniMoTModel.cfg_combine": 0.0002290240079164505,
    "[warmup] OmniMoTModel.cond_forward": 19.51395556640625,
    "[warmup] OmniMoTModel.decode": 18.174439191818237,
    "[warmup] OmniMoTModel.generate_samples_from_batch": 38.56497383117676,
    "[warmup] OmniMoTModel.prepare": 6.3059033203125,
    "[warmup] OmniMoTModel.scheduler": 0.016675199925899505,
    "[warmup] OmniMoTModel.uncond_forward": 12.71871875
  }
}