{
  "cfg_combine": {
    "average_seconds": 0.00010595199838280678,
    "count": 2,
    "total_seconds": 0.00021190399676561356
  },
  "cond_forward": {
    "average_seconds": 6.628907958984375,
    "count": 2,
    "total_seconds": 13.25781591796875
  },
  "prepare": {
    "average_seconds": 5.96594384765625,
    "count": 1,
    "total_seconds": 5.96594384765625
  },
  "scheduler": {
    "average_seconds": 0.000835455983877182,
    "count": 2,
    "total_seconds": 0.001670911967754364
  },
  "uncond_forward": {
    "average_seconds": 6.30799658203125,
    "count": 2,
    "total_seconds": 12.6159931640625
  }
}