{
  "cfg_combine": {
    "average_seconds": 0.00013369600474834442,
    "count": 2,
    "total_seconds": 0.00026739200949668884
  },
  "cond_forward": {
    "average_seconds": 8.4314365234375,
    "count": 2,
    "total_seconds": 16.862873046875
  },
  "prepare": {
    "average_seconds": 6.3291044921875,
    "count": 1,
    "total_seconds": 6.3291044921875
  },
  "scheduler": {
    "average_seconds": 0.010117712438106536,
    "count": 2,
    "total_seconds": 0.020235424876213073
  },
  "uncond_forward": {
    "average_seconds": 6.529742431640625,
    "count": 2,
    "total_seconds": 13.05948486328125
  }
}