{
  "cfg_combine": {
    "average_seconds": 8.129792004823685e-05,
    "count": 25,
    "total_seconds": 0.0020324480012059213
  },
  "cond_forward": {
    "average_seconds": 5.521512423270089,
    "count": 35,
    "total_seconds": 193.2529348144531
  },
  "prepare": {
    "average_seconds": 6.27190478515625,
    "count": 1,
    "total_seconds": 6.27190478515625
  },
  "scheduler": {
    "average_seconds": 0.0025828534773417885,
    "count": 35,
    "total_seconds": 0.09039987170696259
  },
  "uncond_forward": {
    "average_seconds": 5.34343962890625,
    "count": 25,
    "total_seconds": 133.58599072265625
  }
}