{
  "cfg_combine": {
    "average_seconds": 8.653531393834523e-05,
    "count": 35,
    "total_seconds": 0.003028735987842083
  },
  "cond_forward": {
    "average_seconds": 6.623630691964285,
    "count": 35,
    "total_seconds": 231.82707421875
  },
  "prepare": {
    "average_seconds": 5.962853515625,
    "count": 1,
    "total_seconds": 5.962853515625
  },
  "scheduler": {
    "average_seconds": 0.0013408228550638472,
    "count": 35,
    "total_seconds": 0.04692879992723465
  },
  "uncond_forward": {
    "average_seconds": 6.30436943359375,
    "count": 35,
    "total_seconds": 220.65293017578125
  }
}