{
  "cfg_combine": {
    "average_seconds": 0.00010300800204277039,
    "count": 2,
    "total_seconds": 0.00020601600408554077
  },
  "cond_forward": {
    "average_seconds": 6.6257734375,
    "count": 2,
    "total_seconds": 13.251546875
  },
  "prepare": {
    "average_seconds": 5.96659326171875,
    "count": 1,
    "total_seconds": 5.96659326171875
  },
  "scheduler": {
    "average_seconds": 0.0009533919990062713,
    "count": 2,
    "total_seconds": 0.0019067839980125426
  },
  "uncond_forward": {
    "average_seconds": 6.306816650390625,
    "count": 2,
    "total_seconds": 12.61363330078125
  }
}