{
  "cfg_combine": {
    "average_seconds": 0.00010526400059461594,
    "count": 2,
    "total_seconds": 0.00021052800118923187
  },
  "cond_forward": {
    "average_seconds": 6.629289794921875,
    "count": 2,
    "total_seconds": 13.25857958984375
  },
  "prepare": {
    "average_seconds": 5.96879443359375,
    "count": 1,
    "total_seconds": 5.96879443359375
  },
  "scheduler": {
    "average_seconds": 0.0008841120004653931,
    "count": 2,
    "total_seconds": 0.0017682240009307861
  },
  "uncond_forward": {
    "average_seconds": 6.342870361328125,
    "count": 2,
    "total_seconds": 12.68574072265625
  }
}