{
  "cfg_combine": {
    "average_seconds": 8.629759975842067e-05,
    "count": 35,
    "total_seconds": 0.0030204159915447233
  },
  "cond_forward": {
    "average_seconds": 6.442974944196429,
    "count": 35,
    "total_seconds": 225.504123046875
  },
  "prepare": {
    "average_seconds": 6.3224482421875,
    "count": 1,
    "total_seconds": 6.3224482421875
  },
  "scheduler": {
    "average_seconds": 0.002546969594274249,
    "count": 35,
    "total_seconds": 0.0891439357995987
  },
  "uncond_forward": {
    "average_seconds": 6.319454729352679,
    "count": 35,
    "total_seconds": 221.18091552734376
  }
}