{
  "cfg_combine": {
    "average_seconds": 8.258688032627107e-05,
    "count": 25,
    "total_seconds": 0.0020646720081567765
  },
  "cond_forward": {
    "average_seconds": 5.639908510044643,
    "count": 35,
    "total_seconds": 197.3967978515625
  },
  "prepare": {
    "average_seconds": 5.93951806640625,
    "count": 1,
    "total_seconds": 5.93951806640625
  },
  "scheduler": {
    "average_seconds": 0.0012879945295197624,
    "count": 35,
    "total_seconds": 0.045079808533191684
  },
  "uncond_forward": {
    "average_seconds": 5.320366015625,
    "count": 25,
    "total_seconds": 133.009150390625
  }
}