{
  "cfg_combine": {
    "average_seconds": 9.391999989748e-05,
    "count": 2,
    "total_seconds": 0.00018783999979496
  },
  "cond_forward": {
    "average_seconds": 6.629413330078125,
    "count": 2,
    "total_seconds": 13.25882666015625
  },
  "prepare": {
    "average_seconds": 5.96857080078125,
    "count": 1,
    "total_seconds": 5.96857080078125
  },
  "scheduler": {
    "average_seconds": 0.0008634559810161591,
    "count": 2,
    "total_seconds": 0.0017269119620323182
  },
  "uncond_forward": {
    "average_seconds": 6.342230224609375,
    "count": 2,
    "total_seconds": 12.68446044921875
  }
}