{
  "cfg_combine": {
    "average_seconds": 8.536960035562515e-05,
    "count": 25,
    "total_seconds": 0.0021342400088906286
  },
  "cond_forward": {
    "average_seconds": 4.985243959263393,
    "count": 35,
    "total_seconds": 174.48353857421876
  },
  "prepare": {
    "average_seconds": 6.420021484375,
    "count": 1,
    "total_seconds": 6.420021484375
  },
  "scheduler": {
    "average_seconds": 0.0024915574652808054,
    "count": 35,
    "total_seconds": 0.08720451128482819
  },
  "uncond_forward": {
    "average_seconds": 5.343974863281249,
    "count": 25,
    "total_seconds": 133.59937158203124
  }
}