{
  "cfg_combine": {
    "average_seconds": 8.356480027238528e-05,
    "count": 30,
    "total_seconds": 0.0025069440081715586
  },
  "cond_forward": {
    "average_seconds": 6.624975130208333,
    "count": 30,
    "total_seconds": 198.74925390625
  },
  "prepare": {
    "average_seconds": 5.96074755859375,
    "count": 1,
    "total_seconds": 5.96074755859375
  },
  "scheduler": {
    "average_seconds": 0.001244434130191803,
    "count": 30,
    "total_seconds": 0.03733302390575409
  },
  "uncond_forward": {
    "average_seconds": 6.305344954427083,
    "count": 30,
    "total_seconds": 189.1603486328125
  }
}