{
  "cfg_combine": {
    "average_seconds": 0.00010741375982761384,
    "count": 25,
    "total_seconds": 0.002685343995690346
  },
  "cond_forward": {
    "average_seconds": 5.65791748046875,
    "count": 35,
    "total_seconds": 198.02711181640626
  },
  "prepare": {
    "average_seconds": 6.29832421875,
    "count": 1,
    "total_seconds": 6.29832421875
  },
  "scheduler": {
    "average_seconds": 0.0027243903943470547,
    "count": 35,
    "total_seconds": 0.09535366380214691
  },
  "uncond_forward": {
    "average_seconds": 5.3355035937499995,
    "count": 25,
    "total_seconds": 133.38758984375
  }
}