{
  "cfg_combine": {
    "average_seconds": 8.102911978960037e-05,
    "count": 25,
    "total_seconds": 0.0020257279947400093
  },
  "cond_forward": {
    "average_seconds": 6.625714174107142,
    "count": 35,
    "total_seconds": 231.89999609375
  },
  "prepare": {
    "average_seconds": 5.96195703125,
    "count": 1,
    "total_seconds": 5.96195703125
  },
  "scheduler": {
    "average_seconds": 0.0012490038871765137,
    "count": 35,
    "total_seconds": 0.04371513605117798
  },
  "uncond_forward": {
    "average_seconds": 6.305989335937499,
    "count": 25,
    "total_seconds": 157.6497333984375
  }
}