{
  "cfg_combine": {
    "average_seconds": 8.663295924663543e-05,
    "count": 25,
    "total_seconds": 0.002165823981165886
  },
  "cond_forward": {
    "average_seconds": 5.618322000558035,
    "count": 35,
    "total_seconds": 196.64127001953125
  },
  "prepare": {
    "average_seconds": 6.26376513671875,
    "count": 1,
    "total_seconds": 6.26376513671875
  },
  "scheduler": {
    "average_seconds": 0.002508346540587289,
    "count": 35,
    "total_seconds": 0.08779212892055512
  },
  "uncond_forward": {
    "average_seconds": 5.330306152343749,
    "count": 25,
    "total_seconds": 133.25765380859374
  }
}