{
  "cfg_combine": {
    "average_seconds": 9.309183984994888e-05,
    "count": 25,
    "total_seconds": 0.002327295996248722
  },
  "cond_forward": {
    "average_seconds": 4.969041092354911,
    "count": 35,
    "total_seconds": 173.91643823242188
  },
  "prepare": {
    "average_seconds": 5.9466123046875,
    "count": 1,
    "total_seconds": 5.9466123046875
  },
  "scheduler": {
    "average_seconds": 0.001401479322569711,
    "count": 35,
    "total_seconds": 0.04905177628993988
  },
  "uncond_forward": {
    "average_seconds": 5.32222326171875,
    "count": 25,
    "total_seconds": 133.05558154296875
  }
}