{
  "cfg_combine": {
    "average_seconds": 9.181183993816376e-05,
    "count": 25,
    "total_seconds": 0.002295295998454094
  },
  "cond_forward": {
    "average_seconds": 5.018876116071429,
    "count": 35,
    "total_seconds": 175.6606640625
  },
  "prepare": {
    "average_seconds": 6.2947255859375,
    "count": 1,
    "total_seconds": 6.2947255859375
  },
  "scheduler": {
    "average_seconds": 0.002719545589174543,
    "count": 35,
    "total_seconds": 0.09518409562110901
  },
  "uncond_forward": {
    "average_seconds": 5.34058029296875,
    "count": 25,
    "total_seconds": 133.51450732421876
  }
}