{
  "cfg_combine": {
    "average_seconds": 8.884864002466201e-05,
    "count": 25,
    "total_seconds": 0.0022212160006165505
  },
  "cond_forward": {
    "average_seconds": 6.657408370535714,
    "count": 35,
    "total_seconds": 233.00929296875
  },
  "prepare": {
    "average_seconds": 6.30910400390625,
    "count": 1,
    "total_seconds": 6.30910400390625
  },
  "scheduler": {
    "average_seconds": 0.002647224678312029,
    "count": 35,
    "total_seconds": 0.09265286374092102
  },
  "uncond_forward": {
    "average_seconds": 5.3332534375,
    "count": 25,
    "total_seconds": 133.3313359375
  }
}