{
  "cfg_combine": {
    "average_seconds": 8.243968039751052e-05,
    "count": 25,
    "total_seconds": 0.002060992009937763
  },
  "cond_forward": {
    "average_seconds": 6.003381766183036,
    "count": 35,
    "total_seconds": 210.11836181640626
  },
  "prepare": {
    "average_seconds": 6.26955322265625,
    "count": 1,
    "total_seconds": 6.26955322265625
  },
  "scheduler": {
    "average_seconds": 0.0025644873108182633,
    "count": 35,
    "total_seconds": 0.08975705587863922
  },
  "uncond_forward": {
    "average_seconds": 5.33147080078125,
    "count": 25,
    "total_seconds": 133.28677001953125
  }
}