{
  "cfg_combine": {
    "average_seconds": 0.0001258560009300709,
    "count": 2,
    "total_seconds": 0.0002517120018601418
  },
  "cond_forward": {
    "average_seconds": 6.546625,
    "count": 2,
    "total_seconds": 13.09325
  },
  "prepare": {
    "average_seconds": 5.97422607421875,
    "count": 1,
    "total_seconds": 5.97422607421875
  },
  "scheduler": {
    "average_seconds": 0.0009142079949378967,
    "count": 2,
    "total_seconds": 0.0018284159898757934
  },
  "uncond_forward": {
    "average_seconds": 6.301756103515625,
    "count": 2,
    "total_seconds": 12.60351220703125
  }
}