{
  "cfg_combine": {
    "average_seconds": 8.005504101514815e-05,
    "count": 25,
    "total_seconds": 0.002001376025378704
  },
  "cond_forward": {
    "average_seconds": 5.222047802734376,
    "count": 35,
    "total_seconds": 182.77167309570314
  },
  "prepare": {
    "average_seconds": 5.9426005859375,
    "count": 1,
    "total_seconds": 5.9426005859375
  },
  "scheduler": {
    "average_seconds": 0.0012695040004593984,
    "count": 35,
    "total_seconds": 0.044432640016078946
  },
  "uncond_forward": {
    "average_seconds": 5.32099310546875,
    "count": 25,
    "total_seconds": 133.02482763671875
  }
}