{
  "cfg_combine": {
    "average_seconds": 9.361005702189036e-05,
    "count": 35,
    "total_seconds": 0.003276351995766163
  },
  "cond_forward": {
    "average_seconds": 6.4404441964285715,
    "count": 35,
    "total_seconds": 225.415546875
  },
  "prepare": {
    "average_seconds": 6.3044892578125,
    "count": 1,
    "total_seconds": 6.3044892578125
  },
  "scheduler": {
    "average_seconds": 0.0026428169250488284,
    "count": 35,
    "total_seconds": 0.09249859237670899
  },
  "uncond_forward": {
    "average_seconds": 6.315525767299107,
    "count": 35,
    "total_seconds": 221.04340185546874
  }
}