{
  "cfg_combine": {
    "average_seconds": 8.570623934268952e-05,
    "count": 25,
    "total_seconds": 0.002142655983567238
  },
  "cond_forward": {
    "average_seconds": 5.640414285714286,
    "count": 35,
    "total_seconds": 197.4145
  },
  "prepare": {
    "average_seconds": 5.9435771484375,
    "count": 1,
    "total_seconds": 5.9435771484375
  },
  "scheduler": {
    "average_seconds": 0.0012853696005684988,
    "count": 35,
    "total_seconds": 0.04498793601989746
  },
  "uncond_forward": {
    "average_seconds": 5.3207933203125,
    "count": 25,
    "total_seconds": 133.0198330078125
  }
}